"Rk","Pick","Team","Player","Draft"
"1","1","NJN","Kenyon Martin",2000
"2","2","VAN","Stromile Swift",2000
"3","3","LAC","Darius Miles",2000
"4","4","CHI","Marcus Fizer",2000
"5","5","ORL","Mike Miller",2000
"6","6","ATL","DerMarr Johnson",2000
"7","7","CHI","Chris Mihm",2000
"8","8","CLE","Jamal Crawford",2000
"9","9","HOU","Joel Przybilla",2000
"10","10","ORL","Keyon Dooling",2000
"11","11","BOS","Jerome Moiso",2000
"12","12","DAL","Etan Thomas",2000
"13","13","ORL","Courtney Alexander",2000
"14","14","DET","Mateen Cleaves",2000
"15","15","MIL","Jason Collier",2000
"16","16","SAC","Hedo Turkoglu",2000
"17","17","SEA","Desmond Mason",2000
"18","18","LAC","Quentin Richardson",2000
"19","19","CHH","Jamaal Magloire",2000
"20","20","PHI","Speedy Claxton",2000
"21","21","TOR","Morris Peterson",2000
"22","22","NYK","Donnell Harvey",2000
"23","23","UTA","DeShawn Stevenson",2000
"24","24","CHI","Dalibor Bagaric",2000
"25","25","PHO","Jake Tsakalidis",2000
"26","26","DEN","Mamadou N'Diaye",2000
"27","27","IND","Primoz Brezec",2000
"28","28","POR","Erick Barkley",2000
"29","29","LAL","Mark Madsen",2000
"30","30","LAC","Marko Jaric",2000
"31","31","DAL","Dan Langhi",2000
"32","32","CHI","A.J. Guyton",2000
"33","33","CHI","Jake Voskuhl",2000
"34","34","CHI","Khalid El-Amin",2000
"35","35","WAS","Mike Smith",2000
"36","36","NJN","Soumaila Samake",2000
"37","37","MIA","Eddie House",2000
"38","38","HOU","Eduardo Najera",2000
"39","39","NYK","Lavor Postell",2000
"40","40","ATL","Hanno Mottola",2000
"41","41","SAS","Chris Carrawell",2000
"42","42","SEA","Olumide Oyedeji",2000
"43","43","MIL","Michael Redd",2000
"44","44","DET","Brian Cardinal",2000
"45","45","SAC","Jabari Smith",2000
"46","46","TOR","DeeAndre Hulett",2000
"47","47","SEA","Josip Sesar",2000
"48","48","PHI","Mark Karcher",2000
"49","49","MIL","Jason Hart",2000
"50","50","UTA","Kaniel Dickens",2000
"51","51","MIN","Igor Rakocevic",2000
"52","52","MIA","Ernest Brown",2000
"53","53","DEN","Dan McClintock",2000
"54","54","SAS","Cory Hightower",2000
"55","55","GSW","Chris Porter",2000
"56","56","IND","Jaquay Walls",2000
"57","57","ATL","Scoonie Penn",2000
"58","58","DAL","Pete Mickeal",2000
"1","1","WAS","Kwame Brown",2001
"2","2","LAC","Tyson Chandler",2001
"3","3","ATL","Pau Gasol",2001
"4","4","CHI","Eddy Curry",2001
"5","5","GSW","Jason Richardson",2001
"6","6","MEM","Shane Battier",2001
"7","7","NJN","Eddie Griffin",2001
"8","8","CLE","DeSagana Diop",2001
"9","9","DET","Rodney White",2001
"10","10","BOS","Joe Johnson",2001
"11","11","BOS","Kedrick Brown",2001
"12","12","SEA","Vladimir Radmanovic",2001
"13","13","HOU","Richard Jefferson",2001
"14","14","GSW","Troy Murphy",2001
"15","15","ORL","Steven Hunter",2001
"16","16","CHH","Kirk Haston",2001
"17","17","TOR","Michael Bradley",2001
"18","18","HOU","Jason Collins",2001
"19","19","POR","Zach Randolph",2001
"20","20","CLE","Brendan Haywood",2001
"21","21","BOS","Joseph Forte",2001
"22","22","ORL","Jeryl Sasser",2001
"23","23","HOU","Brandon Armstrong",2001
"24","24","UTA","Raul Lopez",2001
"25","25","SAC","Gerald Wallace",2001
"26","26","PHI","Samuel Dalembert",2001
"27","27","MEM","Jamaal Tinsley",2001
"28","28","SAS","Tony Parker",2001
"30","30","CHI","Trenton Hassell",2001
"31","31","GSW","Gilbert Arenas",2001
"32","32","ORL","Omar Cook",2001
"33","33","MEM","Will Solomon",2001
"34","34","ATL","Terence Morris",2001
"35","35","NJN","Brian Scalabrine",2001
"36","36","CLE","Jeff Trepagnier",2001
"37","37","PHI","Damone Brown",2001
"38","38","DET","Mehmet Okur",2001
"39","39","NYK","Michael Wright",2001
"40","40","SEA","Earl Watson",2001
"41","41","IND","Jamison Brewer",2001
"42","42","SEA","Bobby Simmons",2001
"43","43","NYK","Eric Chenowith",2001
"44","44","DAL","Kyle Hill",2001
"45","45","CHI","Sean Lampley",2001
"46","46","MIN","Loren Woods",2001
"47","47","DEN","Ousmane Cisse",2001
"48","48","MEM","Antonis Fotsis",2001
"49","49","MIA","Ken Johnson",2001
"50","50","POR","Ruben Boumtje-Boumtje",2001
"51","51","PHO","Alton Ford",2001
"52","52","MIL","Andre Hutson",2001
"53","53","UTA","Jarron Collins",2001
"54","54","DAL","Kenny Satterfield",2001
"55","55","SAC","Maurice Jeffers",2001
"56","56","SAS","Robertas Javtokas",2001
"57","57","PHI","Alvin Jones",2001
"58","58","SAS","Bryan Bracey",2001
"1","1","HOU","Yao Ming",2002
"2","2","CHI","Jay Williams",2002
"3","3","GSW","Mike Dunleavy",2002
"4","4","MEM","Drew Gooden",2002
"5","5","DEN","Nikoloz Tskitishvili",2002
"6","6","CLE","Dajuan Wagner",2002
"7","7","NYK","Nene Hilario",2002
"8","8","LAC","Chris Wilcox",2002
"9","9","PHO","Amar'e Stoudemire",2002
"10","10","MIA","Caron Butler",2002
"11","11","WAS","Jared Jeffries",2002
"12","12","LAC","Melvin Ely",2002
"13","13","MIL","Marcus Haislip",2002
"14","14","IND","Fred Jones",2002
"15","15","HOU","Bostjan Nachbar",2002
"16","16","PHI","Jiri Welsch",2002
"17","17","WAS","Juan Dixon",2002
"18","18","ORL","Curtis Borchardt",2002
"19","19","UTA","Ryan Humphrey",2002
"20","20","TOR","Kareem Rush",2002
"21","21","POR","Qyntel Woods",2002
"22","22","PHO","Casey Jacobsen",2002
"23","23","DET","Tayshaun Prince",2002
"24","24","NJN","Nenad Krstic",2002
"25","25","DEN","Frank Williams",2002
"26","26","SAS","John Salmons",2002
"27","27","LAL","Chris Jefferies",2002
"28","28","SAC","Dan Dickau",2002
"30","30","GSW","Steve Logan",2002
"31","31","CHI","Roger Mason",2002
"32","32","MEM","Robert Archibald",2002
"33","33","DEN","Vincent Yarbrough",2002
"34","34","MIL","Dan Gadzuric",2002
"35","35","CLE","Carlos Boozer",2002
"36","36","NYK","Milos Vujanic",2002
"37","37","ATL","David Andersen",2002
"38","38","HOU","Tito Maddox",2002
"39","39","WAS","Rod Grizzard",2002
"40","40","WAS","Juan Carlos Navarro",2002
"41","41","LAC","Mario Kasun",2002
"42","42","MIL","Ronald Murray",2002
"43","43","POR","Jason Jennings",2002
"44","44","CHI","Lonny Baxter",2002
"45","45","PHI","Sam Clancy",2002
"46","46","MEM","Matt Barnes",2002
"47","47","UTA","Jamal Sampson",2002
"48","48","MIL","Chris Owens",2002
"49","49","SEA","Peter Fehse",2002
"50","50","BOS","Darius Songaila",2002
"51","51","POR","Federico Kammerichs",2002
"52","52","MIN","Marcus Taylor",2002
"53","53","MIA","Rasual Butler",2002
"54","54","NJN","Tamar Slay",2002
"55","55","DAL","Mladen Sekularac",2002
"56","56","SAS","Luis Scola",2002
"57","57","SAS","Randy Holcomb",2002
"58","58","SAC","Corsley Edwards",2002
"1","1","CLE","LeBron James",2003
"2","2","DET","Darko Milicic",2003
"3","3","DEN","Carmelo Anthony",2003
"4","4","TOR","Chris Bosh",2003
"5","5","MIA","Dwyane Wade",2003
"6","6","LAC","Chris Kaman",2003
"7","7","CHI","Kirk Hinrich",2003
"8","8","MIL","T.J. Ford",2003
"9","9","NYK","Mike Sweetney",2003
"10","10","WAS","Jarvis Hayes",2003
"11","11","GSW","Mickael Pietrus",2003
"12","12","SEA","Nick Collison",2003
"13","13","MEM","Marcus Banks",2003
"14","14","SEA","Luke Ridnour",2003
"15","15","ORL","Reece Gaines",2003
"16","16","BOS","Troy Bell",2003
"17","17","PHO","Zarko Cabarkapa",2003
"18","18","NOH","David West",2003
"19","19","UTA","Sasha Pavlovic",2003
"20","20","BOS","Dahntay Jones",2003
"21","21","ATL","Boris Diaw",2003
"22","22","NJN","Zoran Planinic",2003
"23","23","POR","Travis Outlaw",2003
"24","24","LAL","Brian Cook",2003
"25","25","DET","Carlos Delfino",2003
"26","26","MIN","Ndudi Ebi",2003
"27","27","MEM","Kendrick Perkins",2003
"28","28","SAS","Leandro Barbosa",2003
"29","29","DAL","Josh Howard",2003
"30","30","NYK","Maciej Lampe",2003
"31","31","CLE","Jason Kapono",2003
"32","32","LAL","Luke Walton",2003
"33","33","MIA","Jerome Beasley",2003
"34","34","LAC","Sofoklis Schortsanitis",2003
"35","35","MIL","Szymon Szewczyk",2003
"36","36","CHI","Mario Austin",2003
"37","37","ATL","Travis Hansen",2003
"38","38","WAS","Steve Blake",2003
"39","39","NYK","Slavko Vranes",2003
"40","40","GSW","Derrick Zimmerman",2003
"41","41","SEA","Willie Green",2003
"42","42","ORL","Zaza Pachulia",2003
"43","43","MIL","Keith Bogans",2003
"44","44","HOU","Malick Badiane",2003
"45","45","CHI","Matt Bonner",2003
"46","46","DEN","Sani Becirovic",2003
"47","47","UTA","Mo Williams",2003
"48","48","NOH","James Lang",2003
"49","49","IND","James Jones",2003
"50","50","PHI","Paccelis Morlende",2003
"51","51","NJN","Kyle Korver",2003
"52","52","TOR","Remon Van de Hare",2003
"53","53","CHI","Tommy Smith",2003
"54","54","POR","Nedzad Sinanovic",2003
"55","55","MIN","Rick Rickert",2003
"56","56","BOS","Brandon Hunter",2003
"57","57","DAL","Xue Yuyang",2003
"58","58","DET","Andreas Glyniadakis",2003
"1","1","ORL","Dwight Howard",2004
"2","2","CHA","Emeka Okafor",2004
"3","3","CHI","Ben Gordon",2004
"4","4","LAC","Shaun Livingston",2004
"5","5","WAS","Devin Harris",2004
"6","6","ATL","Josh Childress",2004
"7","7","PHO","Luol Deng",2004
"8","8","TOR","Rafael Araujo",2004
"9","9","PHI","Andre Iguodala",2004
"10","10","CLE","Luke Jackson",2004
"11","11","GSW","Andris Biedrins",2004
"12","12","SEA","Robert Swift",2004
"13","13","POR","Sebastian Telfair",2004
"14","14","UTA","Kris Humphries",2004
"15","15","BOS","Al Jefferson",2004
"16","16","UTA","Kirk Snyder",2004
"17","17","ATL","Josh Smith",2004
"18","18","NOH","J.R. Smith",2004
"19","19","MIA","Dorell Wright",2004
"20","20","DEN","Jameer Nelson",2004
"21","21","UTA","Pavel Podkolzin",2004
"22","22","NJN","Viktor Khryapa",2004
"23","23","POR","Sergei Monia",2004
"24","24","BOS","Delonte West",2004
"25","25","BOS","Tony Allen",2004
"26","26","SAC","Kevin Martin",2004
"27","27","LAL","Sasha Vujacic",2004
"28","28","SAS","Beno Udrih",2004
"29","29","IND","David Harrison",2004
"30","30","ORL","Anderson Varejao",2004
"31","31","CHI","Jackson Vroman",2004
"32","32","WAS","Peter John Ramos",2004
"33","33","LAC","Lionel Chalmers",2004
"34","34","ATL","Donta Smith",2004
"35","35","SEA","Andre Emmett",2004
"36","36","ORL","Antonio Burks",2004
"37","37","ATL","Royal Ivey",2004
"38","38","CHI","Chris Duhon",2004
"39","39","TOR","Albert Miralles",2004
"40","40","BOS","Justin Reed",2004
"41","41","SEA","David Young",2004
"42","42","ATL","Viktor Sanikidze",2004
"43","43","NYK","Trevor Ariza",2004
"44","44","NOH","Tim Pickett",2004
"45","45","CHA","Bernard Robinson",2004
"46","46","POR","Ha Seung-Jin",2004
"47","47","MIA","Pape Sow",2004
"48","48","SAC","Ricky Minard",2004
"49","49","MEM","Sergei Lishouk",2004
"50","50","DAL","Vassilis Spanoulis",2004
"51","51","NJN","Christian Drejer",2004
"52","52","SAS","Romain Sato",2004
"53","53","MIA","Matt Freije",2004
"54","54","DET","Rickey Paulding",2004
"55","55","HOU","Luis Flores",2004
"56","56","LAL","Marcus Douthit",2004
"57","57","SAS","Sergei Karaulov",2004
"58","58","MIN","Blake Stepp",2004
"59","59","IND","Rashad Wright",2004
"1","1","MIL","Andrew Bogut",2005
"2","2","ATL","Marvin Williams",2005
"3","3","UTA","Deron Williams",2005
"4","4","NOH","Chris Paul",2005
"5","5","CHA","Raymond Felton",2005
"6","6","POR","Martell Webster",2005
"7","7","TOR","Charlie Villanueva",2005
"8","8","NYK","Channing Frye",2005
"9","9","GSW","Ike Diogu",2005
"10","10","LAL","Andrew Bynum",2005
"11","11","ORL","Fran Vazquez",2005
"12","12","LAC","Yaroslav Korolev",2005
"13","13","CHA","Sean May",2005
"14","14","MIN","Rashad McCants",2005
"15","15","NJN","Antoine Wright",2005
"16","16","TOR","Joey Graham",2005
"17","17","IND","Danny Granger",2005
"18","18","BOS","Gerald Green",2005
"19","19","MEM","Hakim Warrick",2005
"20","20","DEN","Julius Hodge",2005
"21","21","PHO","Nate Robinson",2005
"22","22","DEN","Jarrett Jack",2005
"23","23","SAC","Francisco Garcia",2005
"24","24","HOU","Luther Head",2005
"25","25","SEA","Johan Petro",2005
"26","26","DET","Jason Maxiell",2005
"27","27","POR","Linas Kleiza",2005
"28","28","SAS","Ian Mahinmi",2005
"29","29","MIA","Wayne Simien",2005
"30","30","NYK","David Lee",2005
"31","31","ATL","Salim Stoudamire",2005
"32","32","LAC","Daniel Ewing",2005
"33","33","NOH","Brandon Bass",2005
"34","34","UTA","C.J. Miles",2005
"35","35","POR","Ricky Sanchez",2005
"36","36","MIL","Ersan Ilyasova",2005
"37","37","LAL","Ronny Turiaf",2005
"38","38","ORL","Travis Diener",2005
"39","39","LAL","Von Wafer",2005
"40","40","GSW","Monta Ellis",2005
"41","41","TOR","Roko Ukic",2005
"42","42","GSW","Chris Taft",2005
"43","43","NJN","Mile Ilic",2005
"44","44","ORL","Martynas Andriuskevicius",2005
"45","45","PHI","Louis Williams",2005
"46","46","IND","Erazem Lorbek",2005
"47","47","MIN","Bracey Wright",2005
"48","48","SEA","Mickael Gelabale",2005
"49","49","WAS","Andray Blatche",2005
"50","50","BOS","Ryan Gomes",2005
"51","51","UTA","Robert Whaley",2005
"52","52","DEN","Axel Hervelle",2005
"53","53","BOS","Orien Greene",2005
"54","54","NYK","Dijon Thompson",2005
"55","55","SEA","Lawrence Roberts",2005
"56","56","DET","Amir Johnson",2005
"57","57","PHO","Marcin Gortat",2005
"58","58","TOR","Uros Slokar",2005
"59","59","ATL","Cenk Akyol",2005
"60","60","DET","Alex Acker",2005
"1","1","TOR","Andrea Bargnani",2006
"2","2","CHI","LaMarcus Aldridge",2006
"3","3","CHA","Adam Morrison",2006
"4","4","POR","Tyrus Thomas",2006
"5","5","ATL","Shelden Williams",2006
"6","6","MIN","Brandon Roy",2006
"7","7","BOS","Randy Foye",2006
"8","8","HOU","Rudy Gay",2006
"9","9","GSW","Patrick O'Bryant",2006
"10","10","SEA","Mouhamed Sene",2006
"11","11","ORL","J.J. Redick",2006
"12","12","NOK","Hilton Armstrong",2006
"13","13","PHI","Thabo Sefolosha",2006
"14","14","UTA","Ronnie Brewer",2006
"15","15","NOK","Cedric Simmons",2006
"16","16","CHI","Rodney Carney",2006
"17","17","IND","Shawne Williams",2006
"18","18","WAS","Oleksiy Pecherov",2006
"19","19","SAC","Quincy Douby",2006
"20","20","NYK","Renaldo Balkman",2006
"21","21","PHO","Rajon Rondo",2006
"22","22","NJN","Marcus Williams",2006
"23","23","NJN","Josh Boone",2006
"24","24","MEM","Kyle Lowry",2006
"25","25","CLE","Shannon Brown",2006
"26","26","LAL","Jordan Farmar",2006
"27","27","PHO","Sergio Rodriguez",2006
"28","28","DAL","Maurice Ager",2006
"29","29","NYK","Mardy Collins",2006
"30","30","POR","Joel Freeland",2006
"31","31","POR","James White",2006
"32","32","HOU","Steve Novak",2006
"33","33","ATL","Solomon Jones",2006
"34","34","LAC","Paul Davis",2006
"35","35","TOR","P.J. Tucker",2006
"36","36","MIN","Craig Smith",2006
"37","37","MIN","Bobby Jones",2006
"38","38","GSW","Kosta Perovic",2006
"39","39","MIL","David Noel",2006
"40","40","SEA","Denham Brown",2006
"41","41","ORL","James Augustine",2006
"42","42","CLE","Daniel Gibson",2006
"43","43","NOK","Marcus Vinicius",2006
"44","44","ORL","Lior Eliyahu",2006
"45","45","IND","Alexander Johnson",2006
"46","46","UTA","Dee Brown",2006
"47","47","UTA","Paul Millsap",2006
"48","48","WAS","Vladimir Veremeenko",2006
"49","49","DEN","Leon Powe",2006
"50","50","CHA","Ryan Hollins",2006
"51","51","LAL","Cheikh Samb",2006
"52","52","LAC","Guillermo Diaz",2006
"53","53","SEA","Yotam Halperin",2006
"54","54","NJN","Hassan Adams",2006
"55","55","CLE","Ejike Ugboaja",2006
"56","56","TOR","Edin Bavcic",2006
"57","57","MIN","Loukas Mavrokefalidis",2006
"58","58","DAL","J.R. Pinnock",2006
"59","59","SAS","Damir Markota",2006
"60","60","DET","Will Blalock",2006
"1","1","POR","Greg Oden",2007
"2","2","SEA","Kevin Durant",2007
"3","3","ATL","Al Horford",2007
"4","4","MEM","Mike Conley",2007
"5","5","BOS","Jeff Green",2007
"6","6","MIL","Yi Jianlian",2007
"7","7","MIN","Corey Brewer",2007
"8","8","CHA","Brandan Wright",2007
"9","9","CHI","Joakim Noah",2007
"10","10","SAC","Spencer Hawes",2007
"11","11","ATL","Acie Law",2007
"12","12","PHI","Thaddeus Young",2007
"13","13","NOK","Julian Wright",2007
"14","14","LAC","Al Thornton",2007
"15","15","DET","Rodney Stuckey",2007
"16","16","WAS","Nick Young",2007
"17","17","NJN","Sean Williams",2007
"18","18","GSW","Marco Belinelli",2007
"19","19","LAL","Javaris Crittenton",2007
"20","20","MIA","Jason Smith",2007
"21","21","PHI","Daequan Cook",2007
"22","22","CHA","Jared Dudley",2007
"23","23","NYK","Wilson Chandler",2007
"24","24","PHO","Rudy Fernandez",2007
"25","25","UTA","Morris Almond",2007
"26","26","HOU","Aaron Brooks",2007
"27","27","DET","Arron Afflalo",2007
"28","28","SAS","Tiago Splitter",2007
"29","29","PHO","Alando Tucker",2007
"30","30","PHI","Petteri Koponen",2007
"31","31","SEA","Carl Landry",2007
"32","32","BOS","Gabe Pruitt",2007
"33","33","SAS","Marcus Williams",2007
"34","34","DAL","Nick Fazekas",2007
"35","35","SEA","Glen Davis",2007
"36","36","GSW","Jermareo Davidson",2007
"37","37","POR","Josh McRoberts",2007
"38","38","PHI","Kyrylo Fesenko",2007
"39","39","MIA","Stanko Barac",2007
"40","40","LAL","Sun Yue",2007
"41","41","MIN","Chris Richard",2007
"42","42","POR","Derrick Byars",2007
"43","43","NOK","Adam Haluska",2007
"44","44","ORL","Reyshawn Terry",2007
"45","45","LAC","Jared Jordan",2007
"46","46","GSW","Stephane Lasme",2007
"47","47","WAS","Dominic McGuire",2007
"48","48","LAL","Marc Gasol",2007
"49","49","CHI","Aaron Gray",2007
"50","50","DAL","Renaldas Seibutis",2007
"51","51","CHI","JamesOn Curry",2007
"52","52","POR","Taurean Green",2007
"53","53","POR","Demetris Nichols",2007
"54","54","HOU","Brad Newley",2007
"55","55","UTA","Herbert Hill",2007
"56","56","MIL","Ramon Sessions",2007
"57","57","DET","Sammy Mejia",2007
"58","58","SAS","Giorgos Printezis",2007
"59","59","PHO","D.J. Strawberry",2007
"60","60","DAL","Milovan Rakovic",2007
"1","1","CHI","Derrick Rose",2008
"2","2","MIA","Michael Beasley",2008
"3","3","MIN","O.J. Mayo",2008
"4","4","SEA","Russell Westbrook",2008
"5","5","MEM","Kevin Love",2008
"6","6","NYK","Danilo Gallinari",2008
"7","7","LAC","Eric Gordon",2008
"8","8","MIL","Joe Alexander",2008
"9","9","CHA","D.J. Augustin",2008
"10","10","NJN","Brook Lopez",2008
"11","11","IND","Jerryd Bayless",2008
"12","12","SAC","Jason Thompson",2008
"13","13","POR","Brandon Rush",2008
"14","14","GSW","Anthony Randolph",2008
"15","15","PHO","Robin Lopez",2008
"16","16","PHI","Marreese Speights",2008
"17","17","TOR","Roy Hibbert",2008
"18","18","WAS","JaVale McGee",2008
"19","19","CLE","J.J. Hickson",2008
"20","20","CHA","Alexis Ajinca",2008
"21","21","NJN","Ryan Anderson",2008
"22","22","ORL","Courtney Lee",2008
"23","23","UTA","Kosta Koufos",2008
"24","24","SEA","Serge Ibaka",2008
"25","25","HOU","Nicolas Batum",2008
"26","26","SAS","George Hill",2008
"27","27","NOH","Darrell Arthur",2008
"28","28","MEM","Donte Greene",2008
"29","29","DET","D.J. White",2008
"30","30","BOS","J.R. Giddens",2008
"31","31","MIN","Nikola Pekovic",2008
"32","32","SEA","Walter Sharpe",2008
"33","33","POR","Joey Dorsey",2008
"34","34","MIN","Mario Chalmers",2008
"35","35","LAC","DeAndre Jordan",2008
"36","36","POR","Omer Asik",2008
"37","37","MIL","Luc Mbah a Moute",2008
"38","38","CHA","Kyle Weaver",2008
"39","39","CHI","Sonny Weems",2008
"40","40","NJN","Chris Douglas-Roberts",2008
"41","41","IND","Nathan Jawai",2008
"42","42","SAC","Sean Singletary",2008
"43","43","SAC","Patrick Ewing",2008
"44","44","UTA","Ante Tomic",2008
"45","45","SAS","Goran Dragic",2008
"46","46","SEA","Trent Plaisted",2008
"47","47","WAS","Bill Walker",2008
"48","48","PHO","Malik Hairston",2008
"49","49","GSW","Richard Hendrix",2008
"50","50","SEA","DeVon Hardin",2008
"51","51","DAL","Shan Foster",2008
"52","52","MIA","Darnell Jackson",2008
"53","53","UTA","Tadija Dragicevic",2008
"54","54","HOU","Maarty Leunen",2008
"55","55","POR","Mike Taylor",2008
"56","56","SEA","Sasha Kaun",2008
"57","57","SAS","James Gist",2008
"58","58","LAL","Joe Crawford",2008
"59","59","DET","Deron Washington",2008
"60","60","BOS","Semih Erden",2008
"1","1","LAC","Blake Griffin",2009
"2","2","MEM","Hasheem Thabeet",2009
"3","3","OKC","James Harden",2009
"4","4","SAC","Tyreke Evans",2009
"5","5","MIN","Ricky Rubio",2009
"6","6","MIN","Jonny Flynn",2009
"7","7","GSW","Stephen Curry",2009
"8","8","NYK","Jordan Hill",2009
"9","9","TOR","DeMar DeRozan",2009
"10","10","MIL","Brandon Jennings",2009
"11","11","NJN","Terrence Williams",2009
"12","12","CHA","Gerald Henderson",2009
"13","13","IND","Tyler Hansbrough",2009
"14","14","PHO","Earl Clark",2009
"15","15","DET","Austin Daye",2009
"16","16","CHI","James Johnson",2009
"17","17","PHI","Jrue Holiday",2009
"18","18","MIN","Ty Lawson",2009
"19","19","ATL","Jeff Teague",2009
"20","20","UTA","Eric Maynor",2009
"21","21","NOH","Darren Collison",2009
"22","22","POR","Victor Claver",2009
"23","23","SAC","Omri Casspi",2009
"24","24","DAL","Byron Mullens",2009
"25","25","OKC","Rodrigue Beaubois",2009
"26","26","CHI","Taj Gibson",2009
"27","27","MEM","DeMarre Carroll",2009
"28","28","MIN","Wayne Ellington",2009
"29","29","LAL","Toney Douglas",2009
"30","30","CLE","Christian Eyenga",2009
"31","31","SAC","Jeff Pendergraph",2009
"32","32","WAS","Jermaine Taylor",2009
"33","33","POR","Dante Cunningham",2009
"34","34","DEN","Sergio Llull",2009
"35","35","DET","DaJuan Summers",2009
"36","36","MEM","Sam Young",2009
"37","37","SAS","DeJuan Blair",2009
"38","38","POR","Jon Brockman",2009
"39","39","DET","Jonas Jerebko",2009
"40","40","CHA","Derrick Brown",2009
"41","41","MIL","Jodie Meeks",2009
"42","42","LAL","Patrick Beverley",2009
"43","43","MIA","Marcus Thornton",2009
"44","44","DET","Chase Budinger",2009
"45","45","MIN","Nick Calathes",2009
"46","46","CLE","Danny Green",2009
"47","47","MIN","Henk Norel",2009
"48","48","PHO","Taylor Griffin",2009
"49","49","ATL","Sergiy Gladyr",2009
"50","50","UTA","Goran Suton",2009
"51","51","SAS","Jack McClinton",2009
"52","52","IND","A.J. Price",2009
"53","53","SAS","Nando De Colo",2009
"54","54","CHA","Robert Vaden",2009
"55","55","POR","Patrick Mills",2009
"56","56","DAL","Ahmad Nivins",2009
"57","57","PHO","Emir Preldzic",2009
"58","58","BOS","Lester Hudson",2009
"59","59","LAL","Chinemelu Elonu",2009
"60","60","MIA","Robert Dozier",2009
"1","1","WAS","John Wall",2010
"2","2","PHI","Evan Turner",2010
"3","3","NJN","Derrick Favors",2010
"4","4","MIN","Wesley Johnson",2010
"5","5","SAC","DeMarcus Cousins",2010
"6","6","GSW","Ekpe Udoh",2010
"7","7","DET","Greg Monroe",2010
"8","8","LAC","Al-Farouq Aminu",2010
"9","9","UTA","Gordon Hayward",2010
"10","10","IND","Paul George",2010
"11","11","NOH","Cole Aldrich",2010
"12","12","MEM","Xavier Henry",2010
"13","13","TOR","Ed Davis",2010
"14","14","HOU","Patrick Patterson",2010
"15","15","MIL","Larry Sanders",2010
"16","16","MIN","Luke Babbitt",2010
"17","17","CHI","Kevin Seraphin",2010
"18","18","OKC","Eric Bledsoe",2010
"19","19","BOS","Avery Bradley",2010
"20","20","SAS","James Anderson",2010
"21","21","OKC","Craig Brackins",2010
"22","22","POR","Elliot Williams",2010
"23","23","MIN","Trevor Booker",2010
"24","24","ATL","Damion James",2010
"25","25","MEM","Dominique Jones",2010
"26","26","OKC","Quincy Pondexter",2010
"27","27","NJN","Jordan Crawford",2010
"28","28","MEM","Greivis Vasquez",2010
"29","29","ORL","Daniel Orton",2010
"30","30","WAS","Lazar Hayward",2010
"31","31","NJN","Tibor Pleiss",2010
"32","32","MIA","Dexter Pittman",2010
"33","33","SAC","Hassan Whiteside",2010
"34","34","POR","Armon Johnson",2010
"35","35","WAS","Nemanja Bjelica",2010
"36","36","DET","Terrico White",2010
"37","37","MIL","Darington Hobson",2010
"38","38","NYK","Andy Rautins",2010
"39","39","NYK","Landry Fields",2010
"40","40","IND","Lance Stephenson",2010
"41","41","MIA","Jarvis Varnado",2010
"42","42","MIA","Da'Sean Butler",2010
"43","43","LAL","Devin Ebanks",2010
"44","44","MIL","Jerome Jordan",2010
"45","45","MIN","Paulao Prestes",2010
"46","46","PHO","Gani Lawal",2010
"47","47","MIL","Tiny Gallon",2010
"48","48","MIA","Latavious Williams",2010
"49","49","SAS","Ryan Richards",2010
"50","50","DAL","Solomon Alabi",2010
"51","51","OKC","Magnum Rolle",2010
"52","52","BOS","Luke Harangody",2010
"53","53","ATL","Pape Sy",2010
"54","54","LAC","Willie Warren",2010
"55","55","UTA","Jeremy Evans",2010
"56","56","MIN","Hamady N'Diaye",2010
"57","57","IND","Ryan Reid",2010
"58","58","LAL","Derrick Caracter",2010
"59","59","ORL","Stanley Robinson",2010
"60","60","PHO","Dwayne Collins",2010
"1","1","CLE","Kyrie Irving",2011
"2","2","MIN","Derrick Williams",2011
"3","3","UTA","Enes Kanter",2011
"4","4","CLE","Tristan Thompson",2011
"5","5","TOR","Jonas Valanciunas",2011
"6","6","WAS","Jan Vesely",2011
"7","7","SAC","Bismack Biyombo",2011
"8","8","DET","Brandon Knight",2011
"9","9","CHA","Kemba Walker",2011
"10","10","MIL","Jimmer Fredette",2011
"11","11","GSW","Klay Thompson",2011
"12","12","UTA","Alec Burks",2011
"13","13","PHO","Markieff Morris",2011
"14","14","HOU","Marcus Morris",2011
"15","15","IND","Kawhi Leonard",2011
"16","16","PHI","Nikola Vucevic",2011
"17","17","NYK","Iman Shumpert",2011
"18","18","WAS","Chris Singleton",2011
"19","19","CHA","Tobias Harris",2011
"20","20","MIN","Donatas Motiejunas",2011
"21","21","POR","Nolan Smith",2011
"22","22","DEN","Kenneth Faried",2011
"23","23","HOU","Nikola Mirotic",2011
"24","24","OKC","Reggie Jackson",2011
"25","25","BOS","MarShon Brooks",2011
"26","26","DAL","Jordan Hamilton",2011
"27","27","NJN","JaJuan Johnson",2011
"28","28","CHI","Norris Cole",2011
"29","29","SAS","Cory Joseph",2011
"30","30","CHI","Jimmy Butler",2011
"31","31","MIA","Bojan Bogdanovic",2011
"32","32","CLE","Justin Harper",2011
"33","33","DET","Kyle Singler",2011
"34","34","WAS","Shelvin Mack",2011
"35","35","SAC","Tyler Honeycutt",2011
"36","36","NJN","Jordan Williams",2011
"37","37","LAC","Trey Thompkins",2011
"38","38","HOU","Chandler Parsons",2011
"39","39","CHA","Jeremy Tyler",2011
"40","40","MIL","Jon Leuer",2011
"41","41","LAL","Darius Morris",2011
"42","42","IND","Davis Bertans",2011
"43","43","CHI","Malcolm Lee",2011
"44","44","GSW","Charles Jenkins",2011
"45","45","NOH","Josh Harrellson",2011
"46","46","LAL","Andrew Goudelock",2011
"47","47","LAC","Travis Leslie",2011
"48","48","ATL","Keith Benson",2011
"49","49","MEM","Josh Selby",2011
"50","50","PHI","Lavoy Allen",2011
"51","51","POR","Jon Diebler",2011
"52","52","DET","Vernon Macklin",2011
"53","53","ORL","DeAndre Liggins",2011
"54","54","CLE","Milan Macvan",2011
"55","55","BOS","E'Twaun Moore",2011
"56","56","LAL","Chukwudiebere Maduabum",2011
"57","57","DAL","Targuy Ngombo",2011
"58","58","LAL","Ater Majok",2011
"59","59","SAS","Adam Hanga",2011
"60","60","SAC","Isaiah Thomas",2011
"1","1","NOH","Anthony Davis",2012
"2","2","CHA","Michael Kidd-Gilchrist",2012
"3","3","WAS","Bradley Beal",2012
"4","4","CLE","Dion Waiters",2012
"5","5","SAC","Thomas Robinson",2012
"6","6","POR","Damian Lillard",2012
"7","7","GSW","Harrison Barnes",2012
"8","8","TOR","Terrence Ross",2012
"9","9","DET","Andre Drummond",2012
"10","10","NOH","Austin Rivers",2012
"11","11","POR","Meyers Leonard",2012
"12","12","HOU","Jeremy Lamb",2012
"13","13","PHO","Kendall Marshall",2012
"14","14","MIL","John Henson",2012
"15","15","PHI","Maurice Harkless",2012
"16","16","HOU","Royce White",2012
"17","17","DAL","Tyler Zeller",2012
"18","18","HOU","Terrence Jones",2012
"19","19","ORL","Andrew Nicholson",2012
"20","20","DEN","Evan Fournier",2012
"21","21","BOS","Jared Sullinger",2012
"22","22","BOS","Fab Melo",2012
"23","23","ATL","John Jenkins",2012
"24","24","CLE","Jared Cunningham",2012
"25","25","MEM","Tony Wroten",2012
"26","26","IND","Miles Plumlee",2012
"27","27","MIA","Arnett Moultrie",2012
"28","28","OKC","Perry Jones",2012
"29","29","CHI","Marquis Teague",2012
"30","30","GSW","Festus Ezeli",2012
"31","31","CHA","Jeff Taylor",2012
"32","32","WAS","Tomas Satoransky",2012
"33","33","CLE","Bernard James",2012
"34","34","CLE","Jae Crowder",2012
"35","35","GSW","Draymond Green",2012
"36","36","SAC","Orlando Johnson",2012
"37","37","TOR","Quincy Acy",2012
"38","38","DEN","Quincy Miller",2012
"39","39","DET","Khris Middleton",2012
"40","40","POR","Will Barton",2012
"41","41","POR","Tyshawn Taylor",2012
"42","42","MIL","Doron Lamb",2012
"43","43","ATL","Mike Scott",2012
"44","44","DET","Kim English",2012
"45","45","PHI","Justin Hamilton",2012
"46","46","NOH","Darius Miller",2012
"47","47","UTA","Kevin Murphy",2012
"48","48","NYK","Kostas Papanikolaou",2012
"49","49","ORL","Kyle O'Quinn",2012
"50","50","DEN","Izzet Turkyilmaz",2012
"51","51","BOS","Kris Joseph",2012
"52","52","GSW","Ognjen Kuzmic",2012
"53","53","LAC","Furkan Aldemir",2012
"54","54","PHI","Tornike Shengelia",2012
"55","55","DAL","Darius Johnson-Odom",2012
"56","56","TOR","Tomislav Zubcic",2012
"57","57","NJN","Ilkan Karaman",2012
"58","58","MIN","Robbie Hummel",2012
"59","59","SAS","Marcus Denmon",2012
"60","60","LAL","Robert Sacre",2012
"1","1","CLE","Anthony Bennett",2013
"2","2","ORL","Victor Oladipo",2013
"3","3","WAS","Otto Porter",2013
"4","4","CHA","Cody Zeller",2013
"5","5","PHO","Alex Len",2013
"6","6","NOH","Nerlens Noel",2013
"7","7","SAC","Ben McLemore",2013
"8","8","DET","Kentavious Caldwell-Pope",2013
"9","9","MIN","Trey Burke",2013
"10","10","POR","CJ McCollum",2013
"11","11","PHI","Michael Carter-Williams",2013
"12","12","OKC","Steven Adams",2013
"13","13","DAL","Kelly Olynyk",2013
"14","14","UTA","Shabazz Muhammad",2013
"15","15","MIL","Giannis Antetokounmpo",2013
"16","16","BOS","Lucas Nogueira",2013
"17","17","ATL","Dennis Schroder",2013
"18","18","ATL","Shane Larkin",2013
"19","19","CLE","Sergey Karasev",2013
"20","20","CHI","Tony Snell",2013
"21","21","UTA","Gorgui Dieng",2013
"22","22","BRK","Mason Plumlee",2013
"23","23","IND","Solomon Hill",2013
"24","24","NYK","Tim Hardaway",2013
"25","25","LAC","Reggie Bullock",2013
"26","26","MIN","Andre Roberson",2013
"27","27","DEN","Rudy Gobert",2013
"28","28","SAS","Livio Jean-Charles",2013
"29","29","OKC","Archie Goodwin",2013
"30","30","PHO","Nemanja Nedovic",2013
"31","31","CLE","Allen Crabbe",2013
"32","32","OKC","Alex Abrines",2013
"33","33","CLE","Carrick Felix",2013
"34","34","HOU","Isaiah Canaan",2013
"35","35","PHI","Glen Rice",2013
"36","36","SAC","Ray McCallum",2013
"37","37","DET","Tony Mitchell",2013
"38","38","WAS","Nate Wolters",2013
"39","39","POR","Jeff Withey",2013
"40","40","POR","Grant Jerrett",2013
"41","41","MEM","Jamaal Franklin",2013
"42","42","PHI","Pierre Jackson",2013
"43","43","MIL","Ricky Ledo",2013
"44","44","DAL","Mike Muscala",2013
"45","45","POR","Marko Todorovic",2013
"46","46","UTA","Erick Green",2013
"47","47","ATL","Raul Neto",2013
"48","48","LAL","Ryan Kelly",2013
"49","49","CHI","Erik Murphy",2013
"50","50","ATL","James Ennis",2013
"51","51","ORL","Romero Osby",2013
"52","52","MIN","Lorenzo Brown",2013
"53","53","IND","Colton Iverson",2013
"54","54","WAS","Arsalan Kazemi",2013
"55","55","MEM","Joffrey Lauvergne",2013
"56","56","DET","Peyton Siva",2013
"57","57","PHO","Alex Oriakhi",2013
"58","58","SAS","Deshaun Thomas",2013
"59","59","MIN","Bojan Dubljevic",2013
"60","60","MEM","Janis Timma",2013
"1","1","CLE","Andrew Wiggins",2014
"2","2","MIL","Jabari Parker",2014
"3","3","PHI","Joel Embiid",2014
"4","4","ORL","Aaron Gordon",2014
"5","5","UTA","Dante Exum",2014
"6","6","BOS","Marcus Smart",2014
"7","7","LAL","Julius Randle",2014
"8","8","SAC","Nik Stauskas",2014
"9","9","CHH","Noah Vonleh",2014
"10","10","PHI","Elfrid Payton",2014
"11","11","DEN","Doug McDermott",2014
"12","12","ORL","Dario Saric",2014
"13","13","MIN","Zach LaVine",2014
"14","14","PHO","T.J. Warren",2014
"15","15","ATL","Adreian Payne",2014
"16","16","CHI","Jusuf Nurkic",2014
"17","17","BOS","James Young",2014
"18","18","PHO","Tyler Ennis",2014
"19","19","CHI","Gary Harris",2014
"20","20","TOR","Bruno Caboclo",2014
"21","21","OKC","Mitch McGary",2014
"22","22","MEM","Jordan Adams",2014
"23","23","UTA","Rodney Hood",2014
"24","24","CHH","Shabazz Napier",2014
"25","25","HOU","Clint Capela",2014
"26","26","MIA","P.J. Hairston",2014
"27","27","PHO","Bogdan Bogdanovic",2014
"28","28","LAC","C.J. Wilcox",2014
"29","29","OKC","Josh Huestis",2014
"30","30","SAS","Kyle Anderson",2014
"31","31","MIL","Damien Inglis",2014
"32","32","PHI","K.J. McDaniels",2014
"33","33","CLE","Joe Harris",2014
"34","34","NYK","Cleanthony Early",2014
"35","35","UTA","Jarnell Stokes",2014
"36","36","MIL","Johnny O'Bryant III",2014
"37","37","TOR","DeAndre Daniels",2014
"38","38","DET","Spencer Dinwiddie",2014
"39","39","PHI","Jerami Grant",2014
"40","40","MIN","Glenn Robinson III",2014
"41","41","DEN","Nikola Jokic",2014
"42","42","HOU","Nick Johnson",2014
"43","43","ATL","Walter Tavares",2014
"44","44","MIN","Markel Brown",2014
"45","45","CHH","Dwight Powell",2014
"46","46","WAS","Jordan Clarkson",2014
"47","47","PHI","Russ Smith",2014
"48","48","MIL","Lamar Patterson",2014
"49","49","CHI","Cameron Bairstow",2014
"50","50","PHO","Alec Brown",2014
"51","51","NYK","Thanasis Antetokounmpo",2014
"52","52","PHI","Vasilije Micic",2014
"53","53","MIN","Alessandro Gentile",2014
"54","54","PHI","Nemanja Dangubic",2014
"55","55","MIA","Semaj Christon",2014
"56","56","DEN","Roy Devyn Marble",2014
"57","57","IND","Louis Labeyrie",2014
"58","58","SAS","Jordan McRae",2014
"59","59","TOR","Xavier Thames",2014
"60","60","SAS","Cory Jefferson",2014
"1","1","MIN","Karl-Anthony Towns",2015
"2","2","LAL","D'Angelo Russell",2015
"3","3","PHI","Jahlil Okafor",2015
"4","4","NYK","Kristaps Porzingis",2015
"5","5","ORL","Mario Hezonja",2015
"6","6","SAC","Willie Cauley-Stein",2015
"7","7","DEN","Emmanuel Mudiay",2015
"8","8","DET","Stanley Johnson",2015
"9","9","CHO","Frank Kaminsky",2015
"10","10","MIA","Justise Winslow",2015
"11","11","IND","Myles Turner",2015
"12","12","UTA","Trey Lyles",2015
"13","13","PHO","Devin Booker",2015
"14","14","OKC","Cameron Payne",2015
"15","15","ATL","Kelly Oubre",2015
"16","16","BOS","Terry Rozier",2015
"17","17","MIL","Rashad Vaughn",2015
"18","18","HOU","Sam Dekker",2015
"19","19","WAS","Jerian Grant",2015
"20","20","TOR","Delon Wright",2015
"21","21","DAL","Justin Anderson",2015
"22","22","CHI","Bobby Portis",2015
"23","23","POR","Rondae Hollis-Jefferson",2015
"24","24","CLE","Tyus Jones",2015
"25","25","MEM","Jarell Martin",2015
"26","26","SAS","Nikola Milutinov",2015
"27","27","LAL","Larry Nance Jr.",2015
"28","28","BOS","R.J. Hunter",2015
"29","29","BRK","Chris McCullough",2015
"30","30","GSW","Kevon Looney",2015
"31","31","MIN","Cedi Osman",2015
"32","32","HOU","Montrezl Harrell",2015
"33","33","BOS","Jordan Mickey",2015
"34","34","LAL","Anthony Brown",2015
"35","35","PHI","Willy Hernangomez",2015
"36","36","MIN","Rakeem Christmas",2015
"37","37","PHI","Richaun Holmes",2015
"38","38","DET","Darrun Hilliard",2015
"39","39","CHO","Juan Pablo Vaulet",2015
"40","40","MIA","Josh Richardson",2015
"41","41","BRK","Pat Connaughton",2015
"42","42","UTA","Olivier Hanlan",2015
"43","43","IND","Joseph Young",2015
"44","44","PHO","Andrew Harrison",2015
"45","45","BOS","Marcus Thornton",2015
"46","46","MIL","Norman Powell",2015
"47","47","PHI","Arturas Gudaitis",2015
"48","48","OKC","Dakari Johnson",2015
"49","49","WAS","Aaron White",2015
"50","50","ATL","Marcus Eriksson",2015
"51","51","ORL","Tyler Harvey",2015
"52","52","DAL","Satnam Singh",2015
"53","53","CLE","Sir'Dominic Pointer",2015
"54","54","UTA","Dani Diez",2015
"55","55","SAS","Cady Lalanne",2015
"56","56","NOP","Branden Dawson",2015
"57","57","DEN","Nikola Radicevic",2015
"58","58","PHI","J.P. Tokoto",2015
"59","59","ATL","Dimitrios Agravanis",2015
"60","60","PHI","Luka Mitrovic",2015
"1","1","PHI","Ben Simmons",2016
"2","2","LAL","Brandon Ingram",2016
"3","3","BOS","Jaylen Brown",2016
"4","4","PHO","Dragan Bender",2016
"5","5","MIN","Kris Dunn",2016
"6","6","NOP","Buddy Hield",2016
"7","7","DEN","Jamal Murray",2016
"8","8","SAC","Marquese Chriss",2016
"9","9","TOR","Jakob Poeltl",2016
"10","10","MIL","Thon Maker",2016
"11","11","ORL","Domantas Sabonis",2016
"12","12","UTA","Taurean Prince",2016
"13","13","PHO","Georgios Papagiannis",2016
"14","14","CHI","Denzel Valentine",2016
"15","15","DEN","Juan Hernangomez",2016
"16","16","BOS","Guerschon Yabusele",2016
"17","17","MEM","Wade Baldwin",2016
"18","18","DET","Henry Ellenson",2016
"19","19","DEN","Malik Beasley",2016
"20","20","IND","Caris LeVert",2016
"21","21","ATL","DeAndre Bembry",2016
"22","22","CHO","Malachi Richardson",2016
"23","23","BOS","Ante Zizic",2016
"24","24","PHI","Timothe Luwawu",2016
"25","25","LAC","Brice Johnson",2016
"26","26","PHI","Furkan Korkmaz",2016
"27","27","TOR","Pascal Siakam",2016
"28","28","PHO","Skal Labissiere",2016
"29","29","SAS","Dejounte Murray",2016
"30","30","GSW","Damian Jones",2016
"31","31","BOS","Deyonta Davis",2016
"32","32","LAL","Ivica Zubac",2016
"33","33","LAC","Cheick Diallo",2016
"34","34","PHO","Tyler Ulis",2016
"35","35","BOS","Rade Zagorac",2016
"36","36","MIL","Malcolm Brogdon",2016
"37","37","HOU","Chinanu Onuaku",2016
"38","38","MIL","Patrick McCaw",2016
"39","39","NOP","David Michineau",2016
"40","40","NOP","Diamond Stone",2016
"41","41","ORL","Stephen Zimmerman",2016
"42","42","UTA","Isaiah Whitehead",2016
"43","43","HOU","Zhou Qi",2016
"44","44","ATL","Isaia Cordinier",2016
"45","45","BOS","Demetrius Jackson",2016
"46","46","DAL","A.J. Hammons",2016
"47","47","ORL","Jake Layman",2016
"48","48","CHI","Paul Zipser",2016
"49","49","DET","Michael Gbinije",2016
"50","50","IND","Georges Niang",2016
"51","51","BOS","Ben Bentil",2016
"52","52","UTA","Joel Bolomboy",2016
"53","53","DEN","Petr Cornelie",2016
"54","54","ATL","Kay Felder",2016
"55","55","BRK","Marcus Paige",2016
"56","56","DEN","Daniel Hamilton",2016
"57","57","MEM","Wang Zhelin",2016
"58","58","BOS","Abdel Nader",2016
"59","59","SAC","Isaiah Cousins",2016
"60","60","UTA","Tyrone Wallace",2016
"1","1","PHI","Markelle Fultz",2017
"2","2","LAL","Lonzo Ball",2017
"3","3","BOS","Jayson Tatum",2017
"4","4","PHO","Josh Jackson",2017
"5","5","SAC","De'Aaron Fox",2017
"6","6","ORL","Jonathan Isaac",2017
"7","7","MIN","Lauri Markkanen",2017
"8","8","NYK","Frank Ntilikina",2017
"9","9","DAL","Dennis Smith",2017
"10","10","SAC","Zach Collins",2017
"11","11","CHO","Malik Monk",2017
"12","12","DET","Luke Kennard",2017
"13","13","DEN","Donovan Mitchell",2017
"14","14","MIA","Bam Adebayo",2017
"15","15","POR","Justin Jackson",2017
"16","16","CHI","Justin Patton",2017
"17","17","MIL","D.J. Wilson",2017
"18","18","IND","T.J. Leaf",2017
"19","19","ATL","John Collins",2017
"20","20","POR","Harry Giles",2017
"21","21","OKC","Terrance Ferguson",2017
"22","22","BRK","Jarrett Allen",2017
"23","23","TOR","OG Anunoby",2017
"24","24","UTA","Tyler Lydon",2017
"25","25","ORL","Anzejs Pasecniks",2017
"26","26","POR","Caleb Swanigan",2017
"27","27","BRK","Kyle Kuzma",2017
"28","28","LAL","Tony Bradley",2017
"29","29","SAS","Derrick White",2017
"30","30","UTA","Josh Hart",2017
"31","31","CHO","Frank Jackson",2017
"32","32","PHO","Davon Reed",2017
"33","33","ORL","Wesley Iwundu",2017
"34","34","SAC","Frank Mason",2017
"35","35","ORL","Ivan Rabb",2017
"36","36","PHI","Jonah Bolden",2017
"37","37","BOS","Semi Ojeleye",2017
"38","38","CHI","Jordan Bell",2017
"39","39","PHI","Jawun Evans",2017
"40","40","NOP","Dwayne Bacon",2017
"41","41","ATL","Tyler Dorsey",2017
"42","42","UTA","Thomas Bryant",2017
"43","43","HOU","Isaiah Hartenstein",2017
"44","44","NYK","Damyean Dotson",2017
"45","45","HOU","Dillon Brooks",2017
"46","46","PHI","Sterling Brown",2017
"47","47","IND","Ike Anigbogu",2017
"48","48","MIL","Sindarius Thornwell",2017
"49","49","DEN","Vlatko Cancar",2017
"50","50","PHI","Mathias Lessort",2017
"51","51","DEN","Monte Morris",2017
"52","52","NOP","Edmond Sumner",2017
"53","53","BOS","Kadeem Allen",2017
"54","54","PHO","Alec Peters",2017
"55","55","UTA","Nigel Williams-Goss",2017
"56","56","BOS","Jabari Bird",2017
"57","57","BRK","Aleksandar Vezenkov",2017
"58","58","NYK","Ognjen Jaramaz",2017
"59","59","SAS","Jaron Blossomgame",2017
"60","60","ATL","Alpha Kaba",2017
"1","1","PHO","Deandre Ayton",2018
"2","2","SAC","Marvin Bagley",2018
"3","3","ATL","Luka Doncic",2018
"4","4","MEM","Jaren Jackson",2018
"5","5","DAL","Trae Young",2018
"6","6","ORL","Mohamed Bamba",2018
"7","7","CHI","Wendell Carter",2018
"8","8","CLE","Collin Sexton",2018
"9","9","NYK","Kevin Knox",2018
"10","10","PHI","Mikal Bridges",2018
"11","11","CHO","Shai Gilgeous-Alexander",2018
"12","12","LAC","Miles Bridges",2018
"13","13","LAC","Jerome Robinson",2018
"14","14","DEN","Michael Porter",2018
"15","15","WAS","Troy Brown",2018
"16","16","PHO","Zhaire Smith",2018
"17","17","MIL","Donte DiVincenzo",2018
"18","18","SAS","Lonnie Walker",2018
"19","19","ATL","Kevin Huerter",2018
"20","20","MIN","Josh Okogie",2018
"21","21","UTA","Grayson Allen",2018
"22","22","CHI","Chandler Hutchison",2018
"23","23","IND","Aaron Holiday",2018
"24","24","POR","Anfernee Simons",2018
"25","25","LAL","Moritz Wagner",2018
"26","26","PHI","Landry Shamet",2018
"27","27","BOS","Robert Williams",2018
"28","28","GSW","Jacob Evans",2018
"29","29","BRK","Dzanan Musa",2018
"30","30","ATL","Omari Spellman",2018
"31","31","PHO","Elie Okobo",2018
"32","32","MEM","Jevon Carter",2018
"33","33","DAL","Jalen Brunson",2018
"34","34","ATL","Devonte' Graham",2018
"35","35","ORL","Melvin Frazier",2018
"36","36","NYK","Mitchell Robinson",2018
"37","37","SAC","Gary Trent",2018
"38","38","PHI","Khyri Thomas",2018
"39","39","PHI","Isaac Bonga",2018
"40","40","BRK","Rodions Kurucs",2018
"41","41","ORL","Jarred Vanderbilt",2018
"42","42","DET","Bruce Brown",2018
"43","43","DEN","Justin Jackson",2018
"44","44","WAS","Issuf Sanon",2018
"45","45","BRK","Hamidou Diallo",2018
"46","46","HOU","De'Anthony Melton",2018
"47","47","LAL","Sviatoslav Mykhailiuk",2018
"48","48","MIN","Keita Bates-Diop",2018
"49","49","SAS","Chimezie Metu",2018
"50","50","IND","Alize Johnson",2018
"51","51","NOP","Tony Carr",2018
"52","52","UTA","Vince Edwards",2018
"53","53","OKC","Devon Hall",2018
"54","54","DAL","Shake Milton",2018
"55","55","CHO","Arnoldas Kulboka",2018
"56","56","PHI","Ray Spalding",2018
"57","57","OKC","Kevin Hervey",2018
"58","58","DEN","Thomas Welsh",2018
"59","59","PHO","George King",2018
"60","60","PHI","Kostas Antetokounmpo",2018
